{
	"carName": "porsche_991_gt3_r",
	"basicSetup":
	{
		"tyres":
		{
			"tyreCompound": 1,
			"tyrePressure": [ 69, 69, 69, 69 ]
		},
		"alignment":
		{
			"camber": [ 5, 5, 10, 10 ],
			"toe": [ 28, 28, 50, 50 ],
			"staticCamber": [ -6.0477480888366699, -6.0368518829345703, -4.2377338409423828, -4.2377376556396484 ],
			"toeOutLinear": [ 0.00023606319155078381, 0.00022437887673731893, -0.00031839148141443729, -0.00031838682480156422 ],
			"casterLF": 23,
			"casterRF": 23,
			"steerRatio": 3
		},
		"electronics":
		{
			"tC1": 1,
			"tC2": 0,
			"abs": 3,
			"eCUMap": 7,
			"fuelMix": 0,
			"telemetryLaps": 5
		},
		"strategy":
		{
			"fuel": 0,
			"nPitStops": 0,
			"tyreSet": 0,
			"frontBrakePadCompound": 0,
			"rearBrakePadCompound": 0,
			"pitStrategy": [
				{
					"fuelToAdd": 0,
					"tyres":
					{
						"tyreCompound": 1,
						"tyrePressure": [ 69, 69, 69, 69 ]
					},
					"tyreSet": 2,
					"frontBrakePadCompound": 0,
					"rearBrakePadCompound": 0
				}
			],
			"fuelPerLap": 2.8599998950958252
		}
	},
	"advancedSetup":
	{
		"mechanicalBalance":
		{
			"aRBFront": 2,
			"aRBRear": 3,
			"wheelRate": [ 3, 3, 3, 3 ],
			"bumpStopRateUp": [ 7, 7, 2, 2 ],
			"bumpStopRateDn": [ 0, 0, 10, 10 ],
			"bumpStopWindow": [ 10, 10, 50, 50 ],
			"brakeTorque": 20,
			"brakeBias": 45
		},
		"dampers":
		{
			"bumpSlow": [ 5, 5, 3, 3 ],
			"bumpFast": [ 6, 6, 4, 4 ],
			"reboundSlow": [ 4, 4, 6, 6 ],
			"reboundFast": [ 7, 7, 8, 8 ]
		},
		"aeroBalance":
		{
			"rideHeight": [ 0, 11, 15, 18 ],
			"rodLength": [ 15.341068267822266, 15.341068267822266, 26.619667053222656, 26.619667053222656 ],
			"splitter": 0,
			"rearWing": 12,
			"brakeDuct": [ 4, 4 ]
		},
		"drivetrain":
		{
			"preload": 9
		}
	},
	"trackBopType": 3
}