{
	"carName": "lamborghini_huracan_gt3_evo",
	"basicSetup":
	{
		"tyres":
		{
			"tyreCompound": 0,
			"tyrePressure": [ 62, 71, 55, 62 ]
		},
		"alignment":
		{
			"camber": [ 0, 0, 0, 0 ],
			"toe": [ 0, 0, 25, 25 ],
			"staticCamber": [ -3.9966950416564941, -3.9907891750335693, -2.8155875205993652, -2.80832839012146 ],
			"toeOutLinear": [ 0.00098198722116649151, 0.00098198221530765295, -0.00032284556073136628, -0.00032282571191899478 ],
			"casterLF": 34,
			"casterRF": 34,
			"steerRatio": 2
		},
		"electronics":
		{
			"tC1": 1,
			"tC2": 0,
			"abs": 4,
			"eCUMap": 0,
			"fuelMix": 0,
			"telemetryLaps": 0
		},
		"strategy":
		{
			"fuel": 53,
			"nPitStops": 0,
			"tyreSet": 0,
			"frontBrakePadCompound": 0,
			"rearBrakePadCompound": 0,
			"pitStrategy": [
				{
					"fuelToAdd": 0,
					"tyres":
					{
						"tyreCompound": 0,
						"tyrePressure": [ 62, 71, 55, 62 ]
					},
					"tyreSet": 2,
					"frontBrakePadCompound": 1,
					"rearBrakePadCompound": 1
				}
			],
			"fuelPerLap": 3.3574028015136719
		}
	},
	"advancedSetup":
	{
		"mechanicalBalance":
		{
			"aRBFront": 1,
			"aRBRear": 0,
			"wheelRate": [ 2, 2, 0, 0 ],
			"bumpStopRateUp": [ 9, 9, 0, 0 ],
			"bumpStopRateDn": [ 0, 0, 10, 10 ],
			"bumpStopWindow": [ 0, 0, 6, 6 ],
			"brakeTorque": 20,
			"brakeBias": 17
		},
		"dampers":
		{
			"bumpSlow": [ 24, 24, 20, 20 ],
			"bumpFast": [ 10, 10, 8, 8 ],
			"reboundSlow": [ 40, 40, 34, 34 ],
			"reboundFast": [ 49, 49, 16, 16 ]
		},
		"aeroBalance":
		{
			"rideHeight": [ 10, 6, 9, 18 ],
			"rodLength": [ 0.83537948131561279, 0.83537948131561279, 9.7460556030273438, 9.7460556030273438 ],
			"splitter": 0,
			"rearWing": 0,
			"brakeDuct": [ 3, 2 ]
		},
		"drivetrain":
		{
			"preload": 20
		}
	},
	"trackBopType": 31
}