{
	"carName": "bmw_m4_gt3",
	"basicSetup":
	{
		"tyres":
		{
			"tyreCompound": 0,
			"tyrePressure": [ 50, 50, 55, 55 ]
		},
		"alignment":
		{
			"camber": [ 6, 6, 1, 1 ],
			"toe": [ 10, 10, 10, 10 ],
			"staticCamber": [ -3.573390007019043, -3.5733892917633057, -2.207439661026001, -2.2074410915374756 ],
			"toeOutLinear": [ 0.00022242382692638785, 0.00022241361148189753, 7.0848283939994872e-05, 7.0837588282302022e-05 ],
			"casterLF": 13,
			"casterRF": 13,
			"steerRatio": 5
		},
		"electronics":
		{
			"tC1": 6,
			"tC2": 0,
			"abs": 6,
			"eCUMap": 0,
			"fuelMix": 0,
			"telemetryLaps": 11
		},
		"strategy":
		{
			"fuel": 60,
			"nPitStops": 0,
			"tyreSet": 0,
			"frontBrakePadCompound": 1,
			"rearBrakePadCompound": 1,
			"pitStrategy": [
				{
					"fuelToAdd": 0,
					"tyres":
					{
						"tyreCompound": 0,
						"tyrePressure": [ 0, 0, 0, 0 ]
					},
					"tyreSet": 2,
					"frontBrakePadCompound": 0,
					"rearBrakePadCompound": 0
				}
			],
			"fuelPerLap": 3.5999999046325684
		}
	},
	"advancedSetup":
	{
		"mechanicalBalance":
		{
			"aRBFront": 5,
			"aRBRear": 2,
			"wheelRate": [ 3, 3, 3, 3 ],
			"bumpStopRateUp": [ 3, 3, 2, 2 ],
			"bumpStopRateDn": [ 0, 0, 10, 10 ],
			"bumpStopWindow": [ 2, 2, 45, 45 ],
			"brakeTorque": 20,
			"brakeBias": 39
		},
		"dampers":
		{
			"bumpSlow": [ 20, 20, 20, 20 ],
			"bumpFast": [ 25, 25, 25, 25 ],
			"reboundSlow": [ 26, 26, 20, 20 ],
			"reboundFast": [ 30, 30, 30, 30 ]
		},
		"aeroBalance":
		{
			"rideHeight": [ 2, 11, 6, 18 ],
			"rodLength": [ 23.393133163452148, 23.393133163452148, 0.33901575207710266, 0.33901575207710266 ],
			"splitter": 0,
			"rearWing": 6,
			"brakeDuct": [ 4, 4 ]
		},
		"drivetrain":
		{
			"preload": 6
		}
	},
	"trackBopType": 31
}