{
	"carName": "mclaren_720s_gt3_evo",
	"basicSetup":
	{
		"tyres":
		{
			"tyreCompound": 0,
			"tyrePressure": [ 45, 47, 41, 43 ]
		},
		"alignment":
		{
			"camber": [ 0, 0, 0, 0 ],
			"toe": [ 0, 0, 15, 15 ],
			"staticCamber": [ -4.6992378234863281, -4.6978545188903809, -5.1161794662475586, -5.114804744720459 ],
			"toeOutLinear": [ 0.0022348612546920776, 0.0022348701022565365, 7.11115135345608e-05, 7.1110996941570193e-05 ],
			"casterLF": 46,
			"casterRF": 46,
			"steerRatio": 1
		},
		"electronics":
		{
			"tC1": 3,
			"tC2": 0,
			"abs": 2,
			"eCUMap": 0,
			"fuelMix": 0,
			"telemetryLaps": 5
		},
		"strategy":
		{
			"fuel": 11,
			"nPitStops": 0,
			"tyreSet": 1,
			"frontBrakePadCompound": 0,
			"rearBrakePadCompound": 0,
			"pitStrategy": [
				{
					"fuelToAdd": 0,
					"tyres":
					{
						"tyreCompound": 0,
						"tyrePressure": [ 43, 48, 41, 46 ]
					},
					"tyreSet": 0,
					"frontBrakePadCompound": 1,
					"rearBrakePadCompound": 1
				}
			],
			"fuelPerLap": 3.2000000476837158
		}
	},
	"advancedSetup":
	{
		"mechanicalBalance":
		{
			"aRBFront": 11,
			"aRBRear": 8,
			"wheelRate": [ 1, 1, 0, 0 ],
			"bumpStopRateUp": [ 0, 0, 0, 0 ],
			"bumpStopRateDn": [ 0, 0, 10, 10 ],
			"bumpStopWindow": [ 20, 20, 10, 10 ],
			"brakeTorque": 20,
			"brakeBias": 0
		},
		"dampers":
		{
			"bumpSlow": [ 30, 30, 14, 14 ],
			"bumpFast": [ 30, 30, 20, 20 ],
			"reboundSlow": [ 10, 10, 19, 19 ],
			"reboundFast": [ 30, 30, 31, 31 ]
		},
		"aeroBalance":
		{
			"rideHeight": [ 0, 6, 12, 18 ],
			"rodLength": [ 54.813007354736328, 54.813007354736328, 52.243556976318359, 52.243556976318359 ],
			"splitter": 3,
			"rearWing": 11,
			"brakeDuct": [ 3, 3 ]
		},
		"drivetrain":
		{
			"preload": 14
		}
	},
	"trackBopType": 34
}