{
	"carName": "ferrari_296_gt3",
	"basicSetup":
	{
		"tyres":
		{
			"tyreCompound": 0,
			"tyrePressure": [ 53, 55, 51, 53 ]
		},
		"alignment":
		{
			"camber": [ 2, 2, 3, 3 ],
			"toe": [ 10, 10, 40, 40 ],
			"staticCamber": [ -4.4732484817504883, -4.4719839096069336, -4.7060956954956055, -4.7047591209411621 ],
			"toeOutLinear": [ 0.00022770267969463021, 0.00022770512441638857, -7.7053853601682931e-05, -7.7058153692632914e-05 ],
			"casterLF": 30,
			"casterRF": 30,
			"steerRatio": 2
		},
		"electronics":
		{
			"tC1": 7,
			"tC2": 0,
			"abs": 2,
			"eCUMap": 0,
			"fuelMix": 0,
			"telemetryLaps": 5
		},
		"strategy":
		{
			"fuel": 0,
			"nPitStops": 0,
			"tyreSet": 3,
			"frontBrakePadCompound": 0,
			"rearBrakePadCompound": 0,
			"pitStrategy": [
				{
					"fuelToAdd": 0,
					"tyres":
					{
						"tyreCompound": 0,
						"tyrePressure": [ 48, 48, 46, 50 ]
					},
					"tyreSet": 2,
					"frontBrakePadCompound": 0,
					"rearBrakePadCompound": 0
				}
			],
			"fuelPerLap": 3.1500000953674316
		}
	},
	"advancedSetup":
	{
		"mechanicalBalance":
		{
			"aRBFront": 3,
			"aRBRear": 0,
			"wheelRate": [ 0, 0, 0, 0 ],
			"bumpStopRateUp": [ 0, 0, 0, 0 ],
			"bumpStopRateDn": [ 0, 0, 10, 10 ],
			"bumpStopWindow": [ 16, 16, 30, 30 ],
			"brakeTorque": 20,
			"brakeBias": 38
		},
		"dampers":
		{
			"bumpSlow": [ 0, 0, 0, 0 ],
			"bumpFast": [ 0, 0, 11, 11 ],
			"reboundSlow": [ 11, 11, 10, 10 ],
			"reboundFast": [ 0, 0, 11, 11 ]
		},
		"aeroBalance":
		{
			"rideHeight": [ 0, 6, 12, 18 ],
			"rodLength": [ 35.867992401123047, 35.867992401123047, 46.186294555664063, 46.186294555664063 ],
			"splitter": 0,
			"rearWing": 12,
			"brakeDuct": [ 3, 3 ]
		},
		"drivetrain":
		{
			"preload": 0
		}
	},
	"trackBopType": 42
}