{
	"carName": "ferrari_296_gt3",
	"basicSetup":
	{
		"tyres":
		{
			"tyreCompound": 0,
			"tyrePressure": [ 54, 61, 49, 58 ]
		},
		"alignment":
		{
			"camber": [ 0, 0, 0, 0 ],
			"toe": [ 20, 20, 28, 28 ],
			"staticCamber": [ -4.6337881088256836, -4.6299009323120117, -5.1693482398986816, -5.163360595703125 ],
			"toeOutLinear": [ -9.2377063992898911e-05, -9.2379865236580372e-05, -0.00053265102906152606, -0.00053263345034793019 ],
			"casterLF": 19,
			"casterRF": 19,
			"steerRatio": 2
		},
		"electronics":
		{
			"tC1": 5,
			"tC2": 0,
			"abs": 2,
			"eCUMap": 0,
			"fuelMix": 0,
			"telemetryLaps": 5
		},
		"strategy":
		{
			"fuel": 0,
			"nPitStops": 0,
			"tyreSet": 0,
			"frontBrakePadCompound": 0,
			"rearBrakePadCompound": 0,
			"pitStrategy": [
				{
					"fuelToAdd": 0,
					"tyres":
					{
						"tyreCompound": 0,
						"tyrePressure": [ 54, 61, 49, 58 ]
					},
					"tyreSet": 2,
					"frontBrakePadCompound": 0,
					"rearBrakePadCompound": 0
				}
			],
			"fuelPerLap": 2.5099999904632568
		}
	},
	"advancedSetup":
	{
		"mechanicalBalance":
		{
			"aRBFront": 5,
			"aRBRear": 5,
			"wheelRate": [ 0, 0, 0, 0 ],
			"bumpStopRateUp": [ 0, 0, 0, 0 ],
			"bumpStopRateDn": [ 0, 0, 10, 10 ],
			"bumpStopWindow": [ 5, 5, 15, 15 ],
			"brakeTorque": 20,
			"brakeBias": 33
		},
		"dampers":
		{
			"bumpSlow": [ 5, 5, 2, 2 ],
			"bumpFast": [ 6, 6, 8, 8 ],
			"reboundSlow": [ 10, 10, 11, 11 ],
			"reboundFast": [ 7, 7, 8, 8 ]
		},
		"aeroBalance":
		{
			"rideHeight": [ 0, 6, 15, 18 ],
			"rodLength": [ 35.957942962646484, 35.957942962646484, 49.319759368896484, 49.319759368896484 ],
			"splitter": 0,
			"rearWing": 12,
			"brakeDuct": [ 3, 3 ]
		},
		"drivetrain":
		{
			"preload": 0
		}
	},
	"trackBopType": 36
}